birth,death,gender,hair,height,name,race,realm,spouse
,,Female,,,Adanel,Men,,Belemir
TA 2978,"February 26 ,3019",Male,Dark (book) Light brown (movie),,Boromir,Men,,
,"March ,3019",Male,,,Lagduf,Orcs,,
TA 280,TA 515,Male,,,Tarcil,Men,Arnor,Unnamed wife
,,Male,,,Fire-drake of Gondolin,Dragon,,
SA 2709,SA 2962,Male,,,Ar-Adûnakhôr,Men,Númenor,Unnamed wife
,,Male,,,Annael,Elves,,
YT,FA 455,Male,Golden,,Angrod,Elves,,Eldalótë
,,,,,Angrim,,,
SA 3219,SA 3440,Male,,,Anárion,Men,Gondor,Unnamed wife
SA 3118,Still alive,Male,,Tall,Ar-Pharazôn,Men,Númenor,Tar-Míriel
SA 2876,SA 3102,Male,,,Ar-Sakalthôr,Men,Númenor,Unnamed wife
SA 2960,SA 3177,Male,,,Ar-Gimilzôr,Men,Númenor,Inzilbêth
TA 2866,TA 2977,Male,,,Angelimir,Men,,Unnamed wife
,,,,,Angelimar,,,
"Late ,Third Age",,Male,,,Angbor,Men,,
"Perhaps ,Firstborn",,,,,Nurwë,Elves,,
,,,,,Linda (Baggins) Proudfoot,,,
,,,,,Bodo Proudfoot,,,
,FA 510,Male,,Tall,Penlod,Elves,,
"Early ,First Age",,Male,,Tallest of the Elves of Gondolin,Pengolodh,Elves,,
TA 654,TA 913,Male,,,Tarannon Falastur,Men,Gondor,Berúthiel
SA 2277,SA 2637,Female,,,Tar-Vanimeldë,Men,Númenor,Herucalmo
SA 1320,SA 1731,Female,,,Tar-Telperiën,Men,Númenor,None
SA 2136,SA 2526,Male,,,Tar-Telemmaitë,Men,Númenor,Unnamed wife
SA 1174,SA 1574,Male,,,Tar-Súrion,Men,Númenor,Unnamed wife
SA 3035,SA 3255,Male,,,Tar-Palantir,Men,Númenor,Unnamed wife
SA 3117,SA 3319,Female,,,Tar-Míriel,Men,Númenor,Ar-Pharazôn
SA 1474,SA 1873,Male,,,Tar-Minastir,Men,Númenor,Unnamed wife
SA 350,SA 751,Male,,,Tar-Elendil,Men,Númenor,Unnamed wife
SA 2516,SA 2825,Male,,,Tar-Calmacil,Men,Númenor,Unnamed wife
SA 1800,SA 2221,Male,,,Tar-Atanamir,Men,Númenor,Unnamed wife
SA 543,SA 942,Male,,,Tar-Meneldur,Men,Númenor,Almarian
SA 2618,SA 2899,Male,,,Tar-Ardamin,Men,Númenor,Unnamed wife
SA 1634,SA 2035,Male,,,Tar-Ciryatan,Men,Númenor,Unnamed wife
SA 1003,SA 1404,Male,,,Tar-Anárion,Men,Númenor,Unnamed wife
SA 873,SA 1285,Female,,,Tar-Ancalimë,Men,Númenor,Hallacar
SA 1986,SA 2386,Male,,,Tar-Ancalimon,Men,Númenor,Unnamed wife
SA 192,SA 603,Male,,,Tar-Amandil,Men,Númenor,Unnamed wife
SA 2406,SA 2737,Male,,,Tar-Alcarin,Men,Númenor,Unnamed wife
,,,,,Tanta (Hornblower) Baggins,,,
TA 2922,,Female,Dark,Tall,Morwen Steelsheen,Men,Rohan,Thengel
,,,,,Squint-eyed Southerner,,,
SA 799,"Early ,Second Age",Male,,,Soronto,Men,,None
SA 700,SA 1098,Male,,,Tar-Aldarion,Men,Númenor,Erendis
"YT, and perhaps Firstborn",YT 1495,Male,Black,,Finwë,Elves,"Tirion,Formenos","Míriel Serindë then ,Indis"
YT 1300,FA 465,Male,Golden,,Finrod,Elves,,"Loved ,Amarië but they never married"
"YT during the ,Noontide of Valinor",FA 472,Male,Dark,,Fingon,Elves,Hithlum,
YT 1190,FA 455,Male,Dark,,Fingolfin,Elves,"Hithlum,Beleriand",Anairë
TA 2950,TA 2988,Female,Dark,,Finduilas of Dol Amroth,Men,,Denethor II
First Age,FA 495,Female,Golden,,Finduilas,Elves,,"None; betrothed to ,Gwindor, but never married."
Years of the Trees,,Female,,,Findis,Elves,,
Fourth Age,"sometime after ,FO 172",Male,,,Findegil,Men,,
YT 1230,Still Alive,Male,Golden,,Finarfin,Elves,Tirion,Eärwen
,,,,,Fimbrethil,,,
TA 2701,TA 2801,Male,,,Ferumbras Took II,Hobbits,,Unnamed wife
"Late ,Third Age","Early ,Fourth Age",Male,Brown (film),,Bill Ferny,Men,,
TA 2870,TA 2953,Male,,,Fengel,Men,Rohan,
,,,,,Fastred of Greenholm,,,
"Late ,Third Age","March 15 ,3019",Male,,,Fastred (Pelennor Fields),Men,,
TA 2858,TA 2885,Male,,,Fastred,Men,,
SR 1210,,Male,,,Fastolph Bolger,Hobbits,Shire,Pansy Baggins
TA 2560,TA 2803,Male,,,Farin,Dwarves,,Unnamed wife
"Mid ,Third Age",TA 1944,Male,,,Faramir (son of Ondoher),Men,,
TA 2983,"February 26 ,82",Male,Raven,,Faramir,Men,Minas Ithil,owyn
,,,,,Falathar,,,
,,,,,Elfstan Fairbairn,,,
,February 293019,Male,,,Snaga (Two Towers orc),Orcs,,
,TA 3019,Male,,,Snaga,Orcs,,
"Unknown, first appeared in ,TA 2770","November 1 ,TA 2941",Male,,,Smaug,Dragons,Lonely Mountain,
,,,,,Seers,,,
"Late ,Third Age",,Male,,,Robin Smallburrow,Hobbits,,
TA 570,TA 830,Male,,,Siriondil,Men,Gondor,Unnamed wife
SA 521,,Female,,,Silmariën,Men,,Elatan
"Unknown, possibly during the ,First Age","Unknown, possibly TA 3019",Female,,Large and immense,Shelob,Great Spiders,Torech Ungol,
TA 2050,,Male,,7'1,Shagrat,Black Uruk,Cirith Ungol,
,TA 2000,Male,None,,Scatha,Dragons,,
"Before the creation of ,Arda","March 25 ,3019",Male,Various ,Various until ,Sauron,Maiar,,None
"Before the creation of ,Arda","3 November ,3019",Male,White,,Saruman,Maiar,"Isengard,Nan Curunír",None
,,,,,Saradoc Brandybuck,,,
Before the creation of Arda,Immortal,Male,,,Salmar,Ainur,,
SR 1308,SR 1407,Male,,,Saradas Brandybuck,Hobbits,,
"Mid-,Third Age",,Male,,,Sangahyando,Men,,
TA 2920,FO 50,Male,,,Ted Sandyman,Hobbits,,
,,,,,Sandyman,,,
,Fate officially unknown,Male,,Short,Salgant,Elves,,
,,Male,,,Sagroth,Men,,
YT,FA 484,Male,,,Saeros,Elves,,
Fourth Age,,Male,,,Saelon,Men,,
"about ,FA 430",FA 495,Male,,,Sador,Men,,None known
SR 1179,,Male,,,Sadoc Brandybuck,Hobbits,,Unnamed wife
TA 2964,TA 3019,Male,Sandy,"1.22m (4'0"") ",Lotho Sackville-Baggins,Hobbits,,None
TA 2918,TA 3020,Female,,"1.17m (3'10"")",Lobelia Sackville-Baggins,Hobbit,,Otho Sackville-Baggins
,,,,,Camellia (Sackville) Baggins,,,
TA 1126,TA 1366,Male,,,Rómendacil II,Men,Gondor,Unnamed wife
YT,,Male,,,Rúmil (Noldo),Elves,,
TA 310,TA 541,Male,,,Rómendacil I,Men,Gondor,Unnamed wife
c. T.A. 2328,,Female,,,Rían (Gondor),Men,,Unnamed husband
FA 450,FA 473,Female,,,Rían,Men,,Huor
,,Male,,,Rufus Burrows,Hobbit,,Asphodel Brandybuck
,,,,,Ruffian Leader,,,
,,Male,,,Rúmil of Lórien,Elves,,
,,,,,Rudolph Bolger,,,
SR 1255,SR 1348,Male,,,Rudigar Bolger,Hobbits,Bree,Belba Baggins
,,,,,Ruby Gamgee,,,
TA 2788,,Male,,,Roäc,Raven,,
TA 2849,"Late ,Third Age",Male,,,Rowan Greenhand,Hobbits,Shire,Belba Baggins
,,,,,Andwise Roper,,,
,FA 510,Male,,,Rog,Elves,,
,,,,,River-woman,,,
"Mid ,First Age",FA 460,Male,,,Ragnor,Men,,
"Late ,First Age",Late First Age ,Male,,,Ragnir,Men,,
"Late ,First Age",FA 460,Male,,,Radhruin,Men,,
,,,,,Radbug,,,
"Before the creation of ,Arda",None,Male,Brown-gray (films),,Radagast,Maiar,,None
,,,,,Olo Proudfoot,,,
,,,,,Sancho Proudfoot,,,
TA 2904,TA 3005,Male,Brown Gray (movie),,Odo Proudfoot,Hobbits,,Mrs. Proudfoot
"Late ,Third Age",,Female,,,Mrs. Proudfoot,Hobbits,,Odo Proudfoot
,FA 486,Male,,,Khîm,Dwarves,,
Second Age,,Male,White,,Khamûl,"Men,Wraith","Rhûn,Dol Guldur,Sauron",
TA 2947,,Female,,,Ivriniel,Men,,
TA 2857,TA 2929,Female,Brown (film),,Ivorwen,Men,,Dírhael
SA 532,,Female,,,Isilmë,Men,,
"After ,SA 1320","Before ,SA 1731",Male,,,Isilmo,Men,,Unnamed wife
SA 3209,TA 2,Male,Black,Very tall almost 7'1,Isildur,Men,"Arnor,Gondor",Unnamed wife
TA 2832,TA 2930,Male,,,Isengrim Took III,Hobbits,,Not married
TA 2842,TA 2946,Male,,,Isembold Took,Hobbits,,Unnamed wife 
"Before the creation of ,Arda",Immortal,Male,,,Irmo,Ainur,,Estë
"b. ,TA 2990","Early-,Fourth Age",Male,,,Iorlas,Men,,
"Late ,Third Age",,Female,,,Ioreth,Men,,
"Late ,Second Age",,Female,,,Inzilbêth,Men,,Ar-Gimilzôr
,,,,,Inigo Baggins,,,
YT,"Unknown, probably still alive",Male,Probably Golden,,Ingwion,Elf,,
"YT, and perhaps firstborn",Still Alive,Male,Probably Golden,Tall,Ingwë,Elves,"Valinor,Taniquetil",Unnamed wife
"Late ,Third Age","Early ,Fourth Age",Male,,,Ingold,Men,,
"Mid ,First Age",FA 495,Male,,,Indor,Men,,Unnamed wife
,Still Alive,Female,Golden,Tall,Indis,Elves,Tirion,Finwë
TA 1950,TA 2076,Male,,,Imrazôr,Men,,Mithrellas
TA 2955,FO 34,Male,Black,Tall,Imrahil,Men,,Unnamed wife
around FA 325,First Age,Male,,,Imlach,Men,,Unnamed wife
"Unknown, Awakened in the ,Years of the Trees",,Female,,,Iminyë,Elves,,Imin
"Unknown, Awakened in the ,Years of the Trees",,Male,,,Imin,Elves,,Iminyë
,,Male,"Varies, White ",Varies,Eru Ilúvatar,God,Timeless Halls,None
"Before the creation of ,Arda",,Female,,,Ilmarë,Ainur,,
YT 1469,Still Alive,Female,Golden,Tall,Idril,Elves,,Tuor
,FA 489,Male,,,Ibûn,Dwarves,,"Unknown, possibly none"
"Mid-,Third Age","Mid-,Third Age",Male,,,Húrin of Emyn Arnen,Men,,
TA 2515,TA 2628,Male,,,Húrin II,Men,,Unnamed wife
TA 2124,TA 2244,Male,,,Húrin I,Men,,Unnamed wife
FA 441,FA 502,Male,"Golden, grey (in old age)",,Húrin,Men,,Morwen Eledhwen
"Late ,Third Age","Winter of ,TA 2759",Male,,,Háma (Helm's son),Men,,
TA 2975,"March 3, or ,4 ,3019",Male,Reddish brown (movie),,Háma,Men,,"Unknown, possibly none"
TA 1391,TA 1621,Male,,,Hyarmendacil II,Men,Gondor,Unnamed wife
TA 899,TA 1149,Male,,,Hyarmendacil I,Men,Gondor,Unnamed wife
,,,,,Hurin (Warden of the Keys),,,
FA 442,FA 473,Male,Golden,Tallest of all mortal men save his son Tuor only,Huor,Men,,Rían
"Late ,FA",FA 499,Male,,,Hunthor,Men,,Unnamed wife
"Late ,First Age",FA 473,Male,,,Hundar,Men,,Unnamed wife
"Mid ,FA",Mid FA ,Male,,,Hundad,Men,,Unnamed wife
First Age,FA 466,Male,,Horse-sized,Huan,Wolfhound,,
,,,,,Tobold Hornblower,,,
"Late ,Third Age","Late ,TA 3018",Male,,,Tobias Hornblower,Hobbits,Shire,
,,,,,Tanta Hornblower,,,
"Possibly late ,Third Age","March 15 ,TA 3019",Male,Blond (Video game),,Horn,Men,,
"Before the creation of ,Arda",Immortal,Male,,,Eönwë,Ainur,,
YT,FA 400,Male,Dark,Tall,Eöl,Elves,Nan Elmoth,Aredhel
Years of the Trees,Still alive,Female,Star-like ,,Eärwen,Elves,,Finarfin
TA 1928,TA 2050,Male,,,Eärnur,Men,Gondor,None
TA 1883,TA 2043,Male,,,Eärnil II,Men,Gondor,Unnamed wife
TA 736,TA 936,Male,,,Eärnil I,Men,Gondor,Unnamed wife
SA 361,"Early ,Second Age",Male,,,Eärendur of Númenor,Men,,Unnamed wife
TA 640,TA 861,Male,,,Eärendur of Arnor,,,Unnamed wife
"Late ,Second Age",Late Second Age,Male,,,Eärendur (Lord of Andúnië),Men,,
TA 48,TA 324,Male,,,Eärendil of Gondor,Men,Gondor,Unnamed wife
FA 503,Still Alive,Male,Golden,,Eärendil,Half-elven,,Elwing
"Before the creation of ,Arda",Immortal,Female,,,Estë,Ainur,,Irmo
"Late ,Second Age","Early ,Third Age",Male,,,Estelmo,Men,,
"Late ,Third Age","early ,Fourth Age",Male,,Tall,Erkenbrand,Men,,
,,Male,,,Erestor,Elves,,
SA 771,SA 985,Female,Dark,,Erendis,Men,Númenor,Tar-Aldarion
unknown,unknown,Male,,,Erellont,Elves,,unknown
TA 2990,"Early ,Fourth Age",Male,,,Erchirion,Men,,
TA 1999,TA 2116,Male,,,Eradan,Men,,Unnamed wife
TA 2995,FO,Female,Pale gold,Tall,owyn,Men,,Faramir
TA 2485,TA 2545,Male,Blond,,Eorl the Young,Men,Rohan,Unnamed wife
TA 2990,FO 63,Male,Dirty blond,Tall-6'6,omer,Men,Rohan,Lothíriel after the War of the Ring
"Unknown, possibly in the ,First Age",,Male,,,Enerdhil,Elves,,
"Unknown, Awakened in the ,Years of the Trees",,Female,,,Enelyë,Elves,,Enel
"Unknown, Awakened in the Years of the Trees",,Male,,,Enel,Elves,,Enelyë
FA 406,,Female,,,Emeldir,Men,,Barahir
FA 503,Still Alive,Female,Dark,,Elwing,Half-elven,,Eärendil
FA 500,FA 506,Male,Possibly dark,,Eluréd and Elurín,Elves,,
FA 532,SA 442,Male,,,Elros,Half-elven,Númenor,Unnamed wife
FA 532,"Still alive; departed to ,Aman, on ,September 29 ,3021",Male,Dark,Tall,Elrond,Half-elven,Rivendell,Celebrían
TA 2987,FO 57,Male,,,Elphir,Men,,Unnamed wife
,,,,,Elmo,,,
TA 130,,Male,Dark,Tall,Elladan and Elrohir,Elves,,
FO 8,FO 103,Male,,,Elfwine,Men,Rohan,
TA 2950,TA 2978,Female,,,Elfhild,Men,Rohan,Théoden
TA 2985,"Early ,Fourth Age",Male,Dark,,Elfhelm,Men,,
YT,YT 1500,Female,Golden,Tall,Elenwë,Elves,,Turgon
TA 552,TA 777,Male,,,Elendur of Arnor,Men,Arnor,Unnamed wife
SA 3299,TA 2,Male,,,Elendur,Men,,Unnamed wife
SA 3119,SA 3441 ,Male,Brown,"7' 10""",Elendil,Men,"Arnor,Gondor",Unnamed wife
,Presumably still alive,,,,Elemmírë (elf),Elves,,
,"FA 510,(presumably)",Male,,,Elemmakil,Elves,,
FO 43,"Before ,FO 220",Male,Dark,,Eldarion,Men,"Reunited Kingdom,Arnor,Gondor",
YT,,Female,,,Eldalótë,Elves,,Angrod
TA 1255,TA 1490,Male,,,Eldacar (King of Gondor),Men,Gondor,Unnamed wife
TA 87,TA 339,Male,,,Eldacar (King of Arnor),Men,Arnor,Unnamed wife
,,Male,,,Elboron,Men,,
"Early ,Second Age",Early Second Age ,Male,,,Elatan,Men,,Silmariën
"Mid ,First Age","Between ,FA 455, - ,FA 460",Female,,,Eilinel,Men,,Gorlim
"Late ,Third Age",Late Third Age,Female,,,Eglantine (Banks) Took,Hobbits,,Paladin Took II
,FA 538,Male,,,Egalmoth (elf),Elves,,"Unknown, possibly none"
TA 2626,TA 2743,Male,,,Egalmoth,Men,,Unnamed wife
,FA 465,Male,,,Edrahil,Elf,,
,FA 510,Male,Dark,,Ecthelion of the Fountain,Elves,,
TA 2886,TA 2984,Male,,,Ecthelion II,Men,,Unnamed wife
TA 2600,TA 2698,Male,,,Ecthelion I,Men,,Possibly none
,,,,,Ebor,,,
"Late ,Third Age","March 15 ,3019",Male,,,Dúnhere,Men,,
TA 2760,"After ,TA 2941",Female,,,Dís,Dwarves,,
"Late ,First Age",Late First Age ,Male,,,Dírhavel,Men,,
TA 2838,"After ,TA 2929",Male,Brown (film),,Dírhael,Men,,Ivorwen
"Late ,Third Age","March 15 ,3019",Male,,,Déorwine,Men,,
TA 2644,TA 2718,Male,,,Déor,"Men,Rohirrim",Rohan,
"Between TA 2400 and ,TA 2430",TA 2463,Male,Dark-brown,,Déagol,Hobbits,,None
TA 3011,,Male,,,Borlas,Men,,Unnamed wife
"Late ,First Age",FA 473,Male,,,Borlad,Men,,Unnamed wife
TA 1879,TA 1998,Male,,,Pelendur,Men,,
Before the creation of Arda,,Male,,,Pallando,Ainur,,
TA 2910,TA 3012,Male,,"1.22m (4'0"")",Otho Sackville-Baggins,Hobbits,,Lobelia Sackville-Baggins
TA 222,TA 492,Male,,,Ostoher,Men,Gondor,Unnamed wife
"Before the creation ,Arda",Immortal,Male,,,Ossë,Ainur,,Uinen
,,Male,,,Orophin,Elves,,
First Age,SA 3434,Male,,,Oropher,Elves,Woodland Realm,Unnamed wife
"Before the creation of ,Arda",Immortal,Male,,Varies,Oromë,Ainur,,Vána
SA 382,,Male,,,Oromendil,Men,,
TA 2576,TA 2685,Male,,,Orodreth (Steward),Men,,Unnamed wife
YT,"FA 495 ,Battle of Tumhalad",Male,Golden,,Orodreth,Elves,Nargothrond,Unnamed wife
,,,,,Orleg,,,
TA 2865,TA 2994,Male,,,Ori,Dwarves,,
,FA 510,Male,,,Orcobal,Orcs,,
"Sometime before ,SA 799",,Male,,,Orchaldor,Men,,Ailinel
TA 1787,TA 1944,Male,,,Ondoher,Men,Gondor,Unnamed wife
Possibly Firstborn,Still Alive,Male,Silver,,Olwë,Elves,"Tol Eressëa,Alqualondë",Unnamed Wife
TA 2923,"Early ,Fourth Age",Male,,,Old Noakes,Hobbits,,Unnamed wife
,,,,,Old Man Willow,,,
"Late ,Second Age",,Male,,,Ohtar,Men,,
"Early ,Second Age",,Female,,,Núneth,Men,,Beregar
Late Second Age ,SA 3065,Male,,,Númendil,Men,,Unnamed wife
"Late ,Third Age",Late Third Age ,Male,,,Nár,Dwarves,,
"Late ,Third Age",TA 2994,Male,,,Náli,Dwarves,,
TA 2338,TA 2585,Male,,,Náin II,Dwarves,Grey Mountains,Unnamed wife
TA 1832,TA 1981,Male,,,Náin I,Dwarves,Khazad-dûm,Unnamed wife
TA 2665,TA 2799,Male,,,Náin (father of Dáin II Ironfoot),Dwarves,,Unnamed wife
"Late ,Third Age",,Male,,,Hob Hayward,Hobbits,Shire,
TA 2846,,Male,,,Hob Gammidge,Hobbit,,Rowan
"Late ,Third Age","March 15 ,3019",Male,,Tall,Hirluin,Men,,
,,,,,Hild,,,
"Late ,Third Age",TA 3019,Male,,Tall,Hirgon,Men,,
FO 41,,Male,,,Herumor (Fourth Age),Men,,
Second Age,,Male,,,Herumor,Men,,
SA 2286,SA 2657,Male,,,Herucalmo,Men,,Tar-Vanimeldë
"Late-,Third Age","March 15 ,3019",Male,,,Herubrand,Men,,Unnamed wife
TA 2037,TA 2148,Male,,,Herion,Men,,Unnamed wife
,,Male,,,Hendor,Elves,,
"Late-,Third Age","March 15 ,3019",Male,Gray,,Herefara,Men,,Unnamed wife
"Early ,Second Age",unknown,Male,,,Henderch,Men,,
TA 2691,TA 2759,Male,,,Helm Hammerhand,Men,Rohan,Unnamed wife
,,,,,Mat Heathertoes,,,
"Sometime before ,SA 799",,Male,,,Hatholdir,Men,,Unnamed wife
F.A. 365,,Male,,,Hathol,Men,,
"Mid ,First Age",FA 460,Male,,,Hathaldir,Men,,
FA 419,,Female,,,Hareth,Men,,Galdor
"Late ,Third Age","March 15 ,3019",Male,,,Harding,Men,,
FA 470,FA 501,Male,,,Hardang,Men,,None
FA 441,FA 495,,,,Handir,Men,Brethil,Beldis
TA 2760,,Male,,,Hamfast of Gamwich,Hobbit,,Unnamed wife
"Late ,First Age",Late First Age ,Male,,,Halmir,Men,,Unnamed wife
SA 711,"Mid ,Second Age",Male,,,Hallatan,Men,,Unnamed wife
TA 2480,TA 2605,Male,,,Hallas (Steward),Men,,Unnamed wife
SA 852,SA 1211,Male,,,Hallacar,Men,,Tar-Ancalimë
"Late ,Third Age","Winter of ,TA 2758",Male,,,Haleth (Helm's son),Men,,
FA 341,FA 420,Female,,,Haleth,Men,,None
,TA 3019,Male,Golden,,Haldir (Lorien),Elves,,
FA 413,FA 473,Male,,,Haldir (Haladin),Men,,Glóredhel
,,,,,Haldar,,,
,,,,,Haldad,,,
TA 2916,"March 15 ,3019",Male,Black,Tall,Halbarad,Men,,
FA 390,FA 455,Male,Golden,,Hador,Men,,Gildis
"Late-,Third Age","February 28 ,3019",Male,,,Gárulf,Men,,
TA 2245,TA 2395,Male,,,Hador (Steward),Men,,Unnamed wife
TA 2767,"March 17 ,3019",Male,,4'5 - 5' (Estimate) ,Dáin II Ironfoot,Dwarves,Lonely Mountain,Unnamed wife
TA 2440,TA 2589,Male,,,Dáin I,Dwarves,Grey Mountains,Unnamed wife
TA 2772,FO 91,Male,Brown,,Dwalin,Dwarves,,
"Before the creation of ,Arda",January 253019,Male,Mane of red flames,"Slightly larger and taller than a Man (book), 20 feet (movie)",Durin's Bane,"Maiar,Balrog",,
FO 2,,Male,,,Durin VII,Dwarves,Khazad-dum,
,,,,,Durin,,,
"Late-,Third Age","Early-,Fourth Age",Male,Dark (Decipher Card),Tall,Duinhir,Men,,Unnamed wife
"Late ,Third Age",TA 3019,Male,,,Duilin,Men,,
,FA 465,Male,,,Draugluin,Werewolves,,
"Late ,First Age",FA 499,Males,,,Dorlas,Men,,
TA 2827,,Male,Gray (film),,Dori,Dwarves,,
,,Male,,,Dodinas Brandybuck,Hobbits,,
TA 2328,TA 2435,Male,,,Dior (Steward),Men,,Possibly none
"FA 470, ","FA 506, ",Male,Possibly dark,,Dior,Half-elven,Doriath,Nimloth
,,,,,Dina Diggle,,,
SR 1316,SR 1410,Male,,,Dinodas Brandybuck,Hobbits,,
TA 2995,"Before ,FO 63",Female,Brown (film),,Diamond Took,Hobbits,,Peregrin Took
"Late ,Third Age",,Male,,,Dervorin,Men,,
"Late ,Third Age","Mid ,March ,3019",Male,,,Derufin,Men,,
TA 2930,"March 15 ,3019",Male,"Dark, grey (in old age)",,Denethor II,Men,,Finduilas
TA 2375,TA 2477,Male,,,Denethor I,Men,,Unnamed wife
YT,YT 1497,Male,,,Denethor (First Age),Elves,Ossiriand,
"Late ,Third Age",TA 3019,Male,Dark,,Damrod,Men,,
,,,,,Daisy Gamgee,,,
"Late ,First Age",FA 460,Male,,,Dairuin,Men,,
YT,,Male,Dark ,,Daeron,Elves,,None
"YT, 1050. Age = 11,484.9 Sun Years or 1,198.6 Valian Years as of FO 121 (death of Arwen).","Still alive, sailed into the ,West, sometime during the ,Fourth Age last of all elves to leave ,Middle-earth,.",Male,"Silver, bearded",Very tall,Círdan,Elves,,Presumably none
"During the ,Noontide of Valinor",FA 506,Male,Dark,,Curufin,Elves,Himlad,Unnamed wife
TA 2238,TA 2488,Male,,,in (King of Durin's Folk),Men,Grey Mountains,Unnamed wife
TA 2774,TA 2994,Male,,,in,Dwarves,,
"Before the creation of ,Arda",Immortal,Male,,Various,mar,Ainur,,None
"Early ,First Age",,Male,,,bal,Men,,
YT,,Female,,,rimë,Elves,,
SA 700,,Female,,,rildë,Men,,
"Late ,Third Age",,Male,,,othain,Men,,
TA 2961,TA 3002,Male,Blond,,omund,Men,,Théodwyn
"c. ,TA 2544",,Male,,,ofor,Men,,Unnamed wife
"Early ,Second Age",Early Second Age ,Female,White or grey,,Zamîn,Men,,
SA 371,,Female,,,Yávien,Men,,
"Before the creation of ,Arda",Immortal,Female,,Varies,Yavanna,Ainur,Pastures of Yavanna,Aulë
"Late-,Third Age","Early-,Fourth Age",Male,,,Wídfara,Men,,Unnamed wife
"Late ,Third Age",TA 2759,Male,,,Wulf I,Men,Rohan,
"Late ,First Age",FA 473,Male,,,Borlach,Men,,
TA 2450,TA 2711,Male,,,Borin,Dwarven,,
TA 2834,,Male,Ginger,,Bombur,Dwarves,,
"Unknown, before the coming of Melkor","Unknown, possibly immortal",Male,Brown,,Tom Bombadil,,Old Forest,Goldberry
,,,,,Wilimar Bolger,,,
TA 2904,TA 3000,Male,,,Wilibald Bolger,Hobbits,,Prisca Baggins
,,,,,Theobald Bolger,,,
,,,,,Rudibert Bolger,,,
TA 2938,,Female,,,Rosamunda (Took) Bolger,Men,,Odovacar Bolger
,,,,,Prisca (Baggins) Bolger,,,
TA 2935,FO 10,Male,,,Odovacar Bolger,Hobbits,,Rosamunda Took
TA 2897,"Late ,Third Age",Female,,,Jessamine (Boffin) Bolger,Hobbits,,Herugar Bolger
,,,,,Gundahar Bolger,,,
TA 2980,"Early ,Fourth Age",Male,,,Fredegar Bolger,Hobbits,,"unknown, possibly unmarried"
TA 2942,FO 22,Male,Brown (movie),,Filibert Bolger,Hobbits,,Poppy Chubb-Baggins
,,,,,Adalgar Bolger,,,
,TA 2941,Male,None,"8,4  Body weight = 190kg",Bolg,"Goblin,Orc",,
,,,,,Boldog (Character),,,
TA 2843,,Male,Dark Brown (films),,Bofur,Dwarves,,
,,,,,Uffo Boffin,,,
TA 2988,"Early-,Fourth Age",Male,,,Tosto Boffin,Hobbits,,
TA 2860,,Male,,,Rollo Boffin,Hobbits,,Lavender Grubb
TA 2812,TA 2900,Male,,,Otto Boffin,Hobbits,,Lavender Grubb
,,,,,Lavender (Grubb) Boffin,,,
TA 2894,TA 2986,Male,,,Jago Boffin,Hobbits,,Unnamed wife
"Late ,Third Age",Late Third Age ,Female,,,Ivy (Goodenough) Boffin,Hobbits,,Buffo Boffin
TA 2854,TA 2945,Male,,,Hugo Boffin,Hobbits,,Donnamira Took
,,,,,Gruffo Boffin,,,
TA 2946,,Male,,,Griffo Boffin,Hobbits,,Daisy Baggins
TA 2904,TA 3004,Female,,,Gerda (Boffin) Bolger,Hobbits,,Adalbert Bolger
TA 2978,"Early ,Fourth Age",Male,,,Folco Boffin,Hobbits,,
"before ,TA 2860",,Female,,,Druda Burrows Boffin,Hobbits,,Rollo Boffin
TA 2950,,Female,,,Daisy (Baggins) Boffin,Hobbits,,Griffo Boffin
"Late ,Third Age","Late ,Third Age",Male,,,Buffo Boffin,Hobbits,,Ivy Goodenough
,,,,,Briffo Boffin,,,
TA 2767,TA 2858,Male,,,Bosco Boffin,Hobbits,,Unnamed wife
TA 2769,,Male,,,Basso Boffin,Hobbits,,None
TA 2856,TA 2948,Female,,,Donnamira (Took) Boffin,Hobbits,,Hugo Boffin
,,,,,Bodruith,,,
"Late ,Third Age","Early ,Fourth Age",Male,,,Bob,Hobbits,,
TA 1560,"Sometime after ,TA 1601",Male,,,Blanco,Hobbits,,
,Late Third Age ,Male,,,Bladorthin,Men,"Lake-town,Dale,Rhûn,Dorwinion",
"Late ,Third Age","March 15 ,3019",Male,,,Black Serpent,Men,,
,,,,,Bilbo Gardner,,,
"22 September ,TA 2890","Unknown (Last sighting 29 SeptemberTA 3021,) (,SR 1421,)",Male,"Brown, later white","1.25m (4'1"")",Bilbo Baggins,Hobbits,,None
TA 2814,UnknownFourth Age,Male,Black/ Grey (film),"4'5"" (film)",Bifur,Dwarves,,
"Early  ,Third Age",,Female,,,Berúthiel,Men,Gondor,Tarannon Falastur
TA 3009,,Male,,,Bergil,Men,,
TA 2655,TA 2763,Male,,,Beren (Steward),Men,,Unnamed wife
FA 432,FA 466,Male,Dark,Tall,Beren,Men,,Lúthien Tinúviel
"Early ,Fourth Age",,Male,,,Berelach,Men,,
"Mid ,First Age",,Male,,,Beren (Belemir's son),Men,,Unnamed wife
TA 2837,,Male,,,Nori,Dwarves,,
SA 222,"Early ,Second Age",Male,,,Nolondil,Men,,Unnamed wife
"Late ,Third Age",,Male,,,Nob,Hobbits,,
FA 473,FA 499,Female,Golden,Tall,Niënor,Men,,Túrin Turambar
SR 1261,,Female,,,Nina Lightfoot,Hobbits,Shire,Theobald Bolger
YT,TA 1981,Female,Possibly golden,,Nimrodel,Elves,,"Loved ,Amroth"
"Unknown, possibly sometime during the ,Years of the Trees",FA 506,Female,,,Nimloth (elf),Elves,Doriath,Dior Eluchíl
"Before the creation of ,Arda",Immortal,Female,,,Nienna,Ainur,"Valinor,Halls of Nienna",None
unknown,Immortal,Female,,Various,Nielíqui,Ainur,,None
SA 840,"Mid ,Second Age",Female,,,Nessanië,Men,,
"Before the creation of ,Arda",Immortal,Female,,Varies,Nessa,Ainur,Valinor,Tulkas
"YT, during the ,Noontide of Valinor",Still alive,Female,Reddish brown,,Nerdanel,Elves,,Fëanor
,,Female,,,Nellas,Elves,,None
,,,,,Nauglath,,,
,,,,,Narvi,,,
,FA 503,Male,,,Naugladur,Dwarves,,
TA 1684,TA 1856,Male,,,Narmacil II,Men,,Unnamed wife
TA 1049,TA 1294,Male,,,Narmacil I,Men,Gondor,"Unknown, possibly none as he had no children"
,,,,,Nahar,Horse,,
,,,,,Mûmakil,,,
"Early ,First Age",FA 502,Male,,,Mîm,Dwarves,,Unnamed wife
,"March ,3019",Male,,,Muzgash,Orc,,
,YT 1170,Female,Silver,,Míriel,Elves,,Finwë
First Age,"Probably died on ,March 25TA 3019, during destruction of ,Mordor",Male,Most likely black or none,"6' 7"" (2.01 m)",Mouth of Sauron,Men,,None
,,,,,The Moth,,,
"Perhaps ,Firstborn",,,,,Morwë,Elves,,
"Late 26th century ,Third Age","Late ,Third Age",Female,,,Morwen (Gondor),Men,,Unnamed husband
FA 443,FA 500,Female,"Dark, grey in old age",Tall,Morwen,Men,,Húrin Thalion
,,Female,,,Mithrellas,Elves,,Imrazôr
,,,,,Minastan,,,
TA 1454,TA 1634,Male,,,Minardil,Men,Gondor,Unnamed wife
"Mid ,Third Age","July 13 ,1944",Male,,,Minohtar,Men,,
SR 1381,"Early-,Fourth Age",Male,,,Merimas Brandybuck,Hobbits,,
YT,"Unknown, presumably still alive",Female,,,Meril-i-Turinqi,Elves,Tol Eressëa,
,,Male,,,Meneldor,Eagles,,
SA 3318,TA 158,Male,,,Meneldil,Men,Gondor,Unnamed wife
,,,,,Men,,,
"Before the creation of ,Arda",Immortal,Male,Dark,Any size by choice,Melkor,Ainur,"Utumno,Angband,Middle-earth,Beleriand",
"Before the creation of ,Arda","Did not die being a ,Maia returned to ,Valinor, after the death of her husband Thingol",Female,Dark,,Melian,Ainur,Doriath,Thingol
Around FA 450 ,,Female,,,Meleth,Men,,Agathor
3019,"February 29 ,3019",Male,Black (film),,Mauhúr,Uruk-hai,"Isengard,Saruman",none
TA 2890,TA 2941,Male,Auburn (film),"Tall (6'4"")",Master of Laketown,Men,Lake-town,
SR 1182,,Male,,,Marroc Brandybuck,Hobbit,,Unnamed wife
SR 1343,,Male,,,Marmadas Brandybuck,Hobbits,,Unnamed wife
"Mid-,Third Age",Mid-Third Age ,Male,,,Marhwini,Men,,Unnamed wife
"Mid ,Third Age",TA 1856,Male,,,Marhari,Men,,Unnamed wife
TA 1557,"Sometime after ,TA 1601",Male,,,Marcho,Hobbits,,
TA 1960,TA 2080,Male,,,Mardil Voronwë,Men,,Unnamed wife
FA 282,FA 376,Male,,,Marach,Men,,Unnamed wife
Before the Creation of Arda,Immortal,Male,,,Manwë,Ainur,"Arda,Valinor",Varda
"After ,SA 61","Early ,Second Age",Male,,,Manwendil,Men,,Possible unnamed wife
"Late ,First Age",Late First Age ,Male,,,Manthor,Men,,
Before the creation of Arda,,Male,,,Mandos,Ainur,,Vairë
TA 2940,TA 3015,Male,,,Gálmód,Men,,Unnamed wife
"Unknown, possibly during the ,First Age",FA 495,Male,Became grey in captivity,,Gwindor,Elves,,"None, betrothed to ,Finduilas"
,,Male,,,Gwaihir,Great Eagles,,
"Late ,Third Age","March 15 ,3019",Male,Blond,,Guthláf,Men,,
"Mid ,First Age",FA 456,Male,,,Gundor,Men,,
,,Male,,,Guilin,Elves,,Unnamed wife
TA 2563,TA 2805,Male,,,Grór,Dwarves,,Unnamed wife
TA 2671,TA 2923,Male,,,Gróin,Dwarves,,Unnamed wife
"Mid ,First Age",FA 474,Male,,,Grithnir,Men,,
,"February 29 ,3019",Male,,,Grishnákh,Orc,,
"Late ,Third Age","March 15 ,3019",Male,,,Grimbold,Men,,
"Unknown, probably several years or so after the ,Battle of Five Armies","Unknown, early ,Fourth Age",Male,Dark,Tall (in Man-form),Grimbeorn,"Men,Skin-changer",,
TA 2862,,Female,,,Rose Greenhand,Hobbits,,Cotman Cotton
TA 2810,,Male,,,Holman Greenhand,Hobbits,,
TA 2859,,Male,,,Hending Greenhand,Hobbits,,
TA 2851,,Male,,,Halfred Greenhand,Hobbits,,
TA 2854,,Male,,,Erling Greenhand,Hobbits,,
,"July ,2941",Male,Grey/white strands of hair (film),About nine feet (film),Great Goblin,Orcs,,
"Late ,First Age",FA 460,Male,,,Gorlim,"Men,Wraith",,Eilinel
TA 2668,TA 2741,Male,,,Gram,Men,Rohan,Unnamed wife
,"March 15, 3019 (film)",Male,"white/gray, possibly light brown (film)","5'9"" - 6'4"" (film)",Gothmog (Lieutenant of Morgul),Orc,"Minas Morgul,the Witch-King",None
"Before the creation of ,Arda",FA 510,Male,,,Gothmog,"Maiar,Balrogs",,
,,Male,,,Gostir,Dragons,,
SR 1134,SR 1236,Male,,,"Gormadoc ""Deepdelver"" Brandybuck",Hobbits,Buckland,Malva Headstrong
TA 2274,,Male,,,Gorhendad (Oldbuck) Brandybuck,Hobbits,,Unnamed wife
,,,,,Gorgol,,,
TA 2908,"Before ,TA 3001",Male,,,Gorbulas Brandybuck,Hobbits,,Unnamed wife
,"March 14 ,3019, slain by ,Shagrat",Male,black,medium,Gorbag,"Uruk-hai,Orc",Cirith Ungol,
,,,,,Bell (Goodchild) Gamgee,,,
,,,,,Togo Goodbody,,,
,,,,,Lily (Baggins) Goodbody,,,
TA 2430,"March 25 ,3019",Male,,,Gollum,Hobbits,,
"Unknown, before ,TA 2700",TA 2747,Male,,,Golfimbul,"Orc,Goblin",Mount Gram,None
,,Female,,,Hanna (Goldworthy) Brandybuck,Hobbit,,Madoc Brandybuck
TA 2619,TA 2699,Male,,,Goldwine,Men,Rohan,
,,,,,Goldilocks (Gardner) Took,,,
"Late ,Third Age",,Male,,,Golasgil,Men,,
"Late ,Third Age","Presumably sometime after ,TA 3019",Male,,,Harry Goatleaf,Men,,
FA 415,FA 473,Female,Blonde,,Glóredhel,Men,,Haldir
TA 2136,TA 2385,Male,,,Glóin (King of Durin's Folk),Dwarves,Grey Mountains,Unnamed wife
TA 2783,FO 15,Male,"Red, later White",,Glóin,Dwarves,,Unnamed wife
"Late ,Third Age",,Male,,,Gléowine,Men,,
"Possibly ,YT",FA 510,Male,Golden,Tall,Glorfindel,Elves,,None
"Unknown, late fifth or sixth century ,First Age",,Male,,,Glirhuin,Men,,
Presumably after Morgoth's return to Angband,FA 501,Male,None,Gigantic,Glaurung,Dragons,,None
TA 2732,TA 2770,Male,,,Girion,Men,,Unnamed wife
,,,,,Gimli (Elf),,,
TA 2879,"Unknown (Departed to ,Aman ,FO 120,)",Male,Auburn,,Gimli,Dwarves,,
SA 2630,,Male,,,Gimilzagar,Men,,
SA 3044,SA 3243,Male,,,Gimilkhâd,Men,,Unnamed wife
TA 2907,TA 3007,Female,Blonde (film),"Unknown (book) 1.66m (5'5"") (film)",Gilraen,Men,,Arathorn II
TA 2000,,Female,,,Gilmith,Half-elven,,
,Presumably still alive,Male,,,Gilfanon,Elves,,
,Possible sailed West,Male,Golden,,Gildor Inglorion,"Elves,Noldor",,
"Late ,First Age",FA 460,Male,,,Gildor (Edain),Men,,
FA 450,SA 3441,Male,Possibly golden (book) Dark brown (movie),Tall,Gil-galad,Elves,"Havens of Sirion,Lindon",
First Age,,Female,,,Gildis,Men,,"Hador, Lórindol"
"Late ,Third Age",,Male,Black,Short,Ghân-buri-Ghân,Drúedain,,
,,Male,,,Gelmir (of Angrod's kin),Elves,,
,,,,,Robin Gardner,,,
,,,,,Primrose Gardner,,,
"Mid ,First Age",,Male,,,Gethron,Men,,
,FA 473,Male,,,Gelmir,Elves,,
,,,,,Pippin Gamgee,,,
,,,,,Wilcome Cotton,,,
TA 2941,FO 20,Male,,,Tolman Cotton,Hobbits,,Lily Brown
TA 2984,FO 61,Female,Light brown (film),,Rosie Cotton,Hobbits,,Sam Gamgee
TA 2983,,Female,,,Marigold (Gamgee) Cotton,Hobbits,,Tolman Cotton
"Late ,Third Age",,Female,,,Lily Cotton,Hobbits,,Farmer Cotton
,,,,,Carl Cotton,,,
TA 2886,,Male,,,Bowman Cotton,Hobbits,,None
TA 2980,FO 60,Male,,,Tolman Cotton Jr.,Hobbits,,Marigold Cotton
,,,,,Cottar,,,
,,,,,Cora Goodbody,,,
SA 3379,TA 2,Male,,,Ciryon,Men,,"Unknown, possibly known"
"Mid ,Second Age","After ,SA 1700",Male,Black,Tall,Ciryatur,Men,,
TA 820,TA 1015,Male,,,Ciryandil,Men,Gondor,Unnamed wife
TA 2449,TA 2567,Male,,,Cirion,Men,,Unnamed wife
,,,,,Poppy (Chubb-Baggins) Bolger,,,
TA 2903,TA 2999,Male,,,Falco Chubb-Baggins,Hobbits,,Unnamed wife
"Late ,Third Age",,Male,,,Ceorl,Men,,
SA 575,,Male,,,Cemendur (son of Axantur),Men,,Unnamed wife
SA 3399,TA 238,Male,,,Cemendur,Men,Gondor,Unnamed wife
TA 979,TA 1191,Male,,,Celepharn,Men,Arthedain,Unnamed wife
"During in the ,Noontide of Valinor",FA 506,Male,Fair,,Celegorm,Elves,,None
"Between the years ,SA 350, and SA 400","Still alive; Departed to ,Aman, in ,TA 2510",Female,Possibly silver,,Celebrían,Elves,,Elrond
TA 1062,TA 1272,Male,,,Celebrindor,Men,Arthedain,Unnamed wife
YT,"SA 1697 ,War of the Elves and Sauron",Male,Dark,,Celebrimbor,Elves,Eregion,
YT,"Still alive, departed over the sea in the early Fourth Age",Male,Silver,Tall,Celeborn,Elves,"Eregion,Lothlórien,Caras Galadhon",Galadriel
TA 1259,TA 1447,Male,,,Castamir the Usurper,Men,Gondor,Unnamed wife
"Before the Creation of ,Arda",FA 466,Male,Black with red stripes,Gigantic,Carcharoth,Werewolves,Angband,
,,,,,Carc,,,
"During the ,Noontide of Valinor",FA 506,Male,Dark,,Caranthir,Elves,,Unnamed wife
TA 1058,TA 1304,Male,,,Calmacil,Men,Gondor,Unnamed wife
SA 512,SA 900,Male,,,Caliondo,Men,,Unnamed wife
,,,,,Calimmacil,,,
TA 1736,TA 1936,Male,,,Calimehtar,Men,Gondor,Unnamed wife
"Late ,First Age",FA 473,Male,,,Bór,Men,,Unnamed wife
FA 262,FA 355,Male,,,Bëor,Men,,Unnamed wife
"Late ,Third Age","Early ,Fourth Age",Male,Brown (movie),,Barliman Butterbur,Men,,
,,,,,Myrtle Burrows,,,
,,,,,Mosco Burrows,,,
TA 2974,"November 3 ,3019",Male,Black,,Gríma Wormtongue,Men,,
"Mid-,Second Age","March 15 ,3019",Male,"Brown, graying, later white","7' 1"" (2.13 metres)",Witch-king of Angmar,"Men,Wraith","Angmar,Minas Morgul,Osgiliath",
TA 2800,,Male,,,Wiseman Gamwich,Hobbit,,Unnamed wife
"Late ,Third Age","Early ,TA 3019",Male,,,Willie Banks,Hobbits,Bree,
,,,,,Wife of Barach,,,
,,,,,Widow Rumble,,,
,,,,,Will Whitfoot,,,
Possibly pre First Age,Unknown; possibly still alive,Most likely male,None,Huge,Watcher in the Water,Urulóki,Doors of Durin,Most likely none
,,,,,Warg Matriarch,,,
TA 2780,TA 2851,Male,,,Walda,Men,,Unnamed wife
SA 425,"Early ,Second Age",Male,,,Vëantur,Men,,Unnamed wife
,,,,,Vëannë,,,
First Age,,Male,,,Voronwë,Elves,,None known
TA 1919,TA 2029,Male,,,Vorondil,Men,,Unnamed wife
"Before ,TA 1255",TA 1344,Female,,,Vidumavi,Men,,Valacar
"Mid-,Third Age",,Male,,,Vidugavia,Men,Rhovanion,Unnamed wife
SA 203,"Early ,Second Age",Female,,,Vardilmë,Men,,
SA 61,SA 471,Male,,,Vardamir Nólimon,Men,Númenor,Unnamed wife
Before the creation of Arda,Immortal,Female,,,Varda,Ainur,Arda,Manwë
TA 462,TA 652,Male,,,Valandur,Men,Arnor,Unnamed wife
"Early ,Second Age","Early ,Second Age",Male,,,Valandil of Andúnië,Men,,
SA 3430,TA 249,Male,,,Valandil,Men,Arnor,Unnamed wife
TA 1194,TA 1432,Male,,,Valacar,Men,Gondor,Vidumavi
YT,,Female,,,Vairë (Elf),Elves,,Lindo
Before the creation of Arda,Immortal,Female,,,Vairë,Ainur,"Valinor,Halls of Mandos",Mandos
"Late ,First Age",FA 460,Male,,,Urthel,Men,,
,"Possibly end of ,First Age",Female,,Enormous,Ungoliant,Great Spiders,,
"Mid ,First Age",FA 473,Male,,,Ulwarth,Men,,
,,,,,Ulrad,,,
"Before the creation of ,Arda",Immortal,Male,,,Ulmo,Ainur,"Valinor,Ulmonan",None
"Mid ,First Age",FA 473,Male,,,Ulfast,Men,,
"Late ,First Age",FA 473,Male,,,Ulfang,Men,,Unnamed wife
"Mid ,First Age",FA 473,Male,,,Uldor,Men,,
"Early ,Second Age",Mid Second Age ,Male,,,Ulbar,Men,,Unnamed wife
"Before the creation of ,Arda",Immortal,Female,,,Uinen,,,Ossë
3019,February 293019,Male,Dark (movie),"6' 6"" (movie)",Uglúk,Uruk-hai,Isengard,None
,3019,Male,,,Ufthak,Orc,Cirith Ungol,None
TA 2815,TA 2914,Male,,,Túrin II,Men,,Unnamed wife
TA 2165,TA 2278,Male,,,Túrin I,Men,,Unnamed wife
FA 464,FA 499,Male,Dark,Tall,Túrin,Men,,Nienor
,,,,,Daddy Twofoot,,,
TA 2855,TA 2953,Male,,,Turgon (Steward),Men,,Unnamed wife
YT 1300,FA 510,Male,Dark,,Turgon,Elves,"Nevrast,Gondolin",Elenwë
TA 397,TA 667,Male,,,Turambar,Men,Gondor,Unnamed wife
FA 472,None; sailed into the West and was accounted amongst the Eldar,Male,Golden,Tall,Tuor,Men,,Idril Celebrindal
YT,,Male,,,Tulkastor,Elves,,Unnamed wife
"Before the creation of ,Arda",Immortal,Male,Golden,,Tulkas,Ainur,"Valinor,House of Tulkas",Nessa
YT,,Male,"Leaf, twig and moss like",15'4,Treebeard,"Ents,Onodrim",,Fimbrethil
TA 2890,TA 2981,Male,,,Sigismond Took,Hobbits,,Unnamed wife
SR 1256,,Female,,,Rosa (Baggins) Took,Hobbits,,Hildigrim Took
TA 2976,Fourth Age,Male,,,Beregond (Captain),Men,,Unnamed wife
TA 2700,TA 2811,Male,,,Beregond,Men,,Unnamed wife
FA 340,,Male,,,Bereg,Men,,
,"Before the ,War of the Ring",Male,Black,Tall,Beorn,Skin-changer,,
FA 292,,Male,,,Belen,Men,,Unnamed wife
FA 339,,Male,,,Belemir,Men,,Adanel
"Late ,First Age",FA 460,Male,,,Belegund,Men,,Unnamed wife
TA 2074,TA 2204,Male,,,Belegorn,Men,,Unnamed wife
TA 811,TA 1029,Male,,,Beleg of Arnor,Men,"Arnor,Arthedain",Unnamed wife
,FA 489,Male,,,Beleg,Elves,,
TA 2752,TA 2872,Male,,,Belecthor II,Men,,Unnamed wife
TA 2545,TA 2655,Male,,,Belecthor I,Men,,Unnamed wife
"Mid-,First Age",,Female,Brown,,Beldis,Men,,Handir
FA 316,,Male,,,Beldir,Men,,Unnamed wife
,"March 3 ,3019",Male,Leafy-hair,Very tall,Beechbone,Ents,,
TA 2985,"Early ,Fourth Age",Male,,"6'2""",Bard II,Men,"Dale,Lake-town",
TA 2898,TA 2977,Male,Black (films),,Bard,Men,Dale,Unnamed wife
FA 317,,Male,,,Baranor,Men,,Unnamed wife
FA 289,FA 380,Male,,,Baran,Men,Estolad,Unnamed wife
TA 2290,TA 2412,Male,,,Barahir (Steward),Men,Gondor,Unnamed wife
,,,,,Barahir (Fourth Age),,,
FA 402,FA 460,Male,Possibly dark,,Barahir,Men,,Emeldir
FA 420,FA 460,Male,,,Baragund,Men,,Unnamed wife
TA 2763,TA 2994,Male,White,,Balin,Dwarves,,
,,,,,Baldor,,,
,,,,,Balcmeg,,,
TA 2925,TA 3007,Male,Brown (film),"1.76m / 5'9"" (film)",Bain,Men,Dale,Unnamed wife
,,,,,Ruby (Bolger) Baggins,,,
TA 2948,,Male,,,Porto Baggins,Hobbits,,
TA 2946,,Male,,,Ponto Baggins II,Hobbits,,Unnamed wife
,,,,,Ponto Baggins I,,,
TA 2816,TA 2911,Male,,,Ponto Baggins,Hobbits,,Mimosa Bunce
,,,,,Polo Baggins,,,
TA 2950,,Female,,,Peony (Baggins) Burrows,Hobbits,,Milo Burrows
,,,,,Pansy Baggins,,,
,,,,,Man in the Moon,,,
TA 1144,TA 1349,Male,,,Malvegil,Men,Arthedain,Unnamed wife
,,Female,,,"Malva ""Headstrong"" Brandybuck",Hobbit,,Gormadoc Brandybuck
TA 895,TA 1110,Male,,,Mallor,Men,"Arthedain,Arnor",Unnamed wife
"Mid ,Third Age",Mid Third Age ,Male,"Dark, later grey ",,Malbeth the Seer,Men,,"Unknown, possible none"
,,,,,Malantur,,,
,,,,,Mallor (BOH),,,
FA 307,FA 398,Male,,,Malach,Men,,Meldis
SA 377,,Female,,,Mairen,Men,,
UnknownYT,Still alive,Male,Brown with copperlike-red,,Mahtan,Elves,,Unnamed wife
F.A. 341,,Male,,,Magor,Men,,
"During the ,Noontide of Valinor",Fate unknown,Male,Dark,,Maglor,Elves,,Unnamed wife
TA 2948,,Male,Brown,,Farmer Maggot,Hobbits,,Unnamed wife
FA 320,FA 510,Male,Black,Tall,Maeglin,Elves,,None
"During the ,Noontide of Valinor",FA 587,Male,Dark red,Tall,Maedhros,Elves,,None
"Late ,Third Age",,Male,Dark,Tall,Mablung the Ranger,Men,,
,FA 502,Male,,,Mablung,Elves,,
YT 1200,FA 503,Female,Black,,Lúthien,"Elves,Maiar",,Beren Erchamion
"Late ,Third Age",TA 2994,Male,,,Lóni,Dwarves,,
TA 2752,TA 2842,Male,,,Brytta Léofa,Men,Rohan,Unnamed wife
TA 2459,TA 2501,Male,,,Léod,Men,,Unnamed wife
"Before the creation of ,Arda",First Age,Male,Mane of red flame,,Lungorthin,Balrog,,
" ,3019",February 293019,Male,Dark,6'1 (film),Lugdush,Uruk-hai,,
TA 2999,,Female,,,Lothíriel,Men,Rohan,omer
"Late ,First Age",Late First Age ,Male,,,Lorgan,Men,,
"Late ,Second Age",Late Second Age ,Female,,,Lindórië,Men,,Unknown husband
YT,,Male,,,Lindo,Elves,,Vairë
SA 551,,Female,,,Lindissë,Men,,
,"Possibly departed to ,Aman",Male,Brown (films),Tall,Lindir,Elves,,
SR 1313,Between SR 1401-1418,,,3'8',Letter 211,,,Lilah Took
YT,YT (possibly),Male,,,Lenwë,Elves,,Unnamed wife
,,Male,,,Legolas (elf of Gondolin),Elves,,
,"Still alive, departed to ,Aman ,FO 120",Male,"Uncertain (book), Blonde (films)",,Legolas,Elves,,
"Late ,First Age",,Male,,,Larnach,Men,,Unnamed wife
"Possibly ,First Age",Possibly still alive,Male,,,Landroval,Eagle,,
FA 466,FA 469,Female,Blonde,,Lalaith,Men,,
,,,,,Hamfast Gardner,,,
March 253021,"Early ,Fourth Age",Female,Blonde or Golden,,Elanor Gardner,Hobbits,,Fastred of Greenholm
Before the the Shaping of Arda,"January 253019 ,Battle of the Peak immortal",Male,"Grey, later white",,Gandalf,Maiar,,
"Possibly late ,Third Age",,Male,Possibly blond,,Gamling,Men,,
"April 6 ,2980","Still alive, after going to the ,Undying Lands, in ,FO 61",Male,Blond (movie),"1.22m (4'0"")",Samwise Gamgee,Hobbits,,Rosie Cotton
,,,,,Rose Gamgee,,,
,,,,,Gamil Zirak,,,
TA 2976,,Female,,,May Gamgee,Hobbits,,
TA 2965,,Male,,,Hamson Gamgee,Hobbits,,None
TA 2926,FO 7 (SR 1428),Male,"Brown, later gray","1.2m (3'11"")",Hamfast Gamgee,Hobbit,,Bell Goodchild
TA 2969,,Male,,,Halfred Gamgee,Hobbits,,
FO 2,FO ,Male,,,Frodo Gardner,Hobbits,,Unnamed wife
TA 2972,FO 54,Female,,,Daisy Gamgee I,Hobbits,,
,,,,,Bilbo Gamgee,,,
,,,,,Halfast Gamgee,,,
,,,,,Merry Gamgee,,,
,,Male,,,Galion,Elves,,
,,Male,,,Galdor of the Tree,Elves,,
,,Male,Golden (movie),6'3 (movie),Galdor of the Havens,Elves,,
FA 417,FA 462,Male,,Tall,Galdor,Men,,Hareth
,,,,,Galar,,,
YT 1362,"Still alive: Departed over the sea on ,September 29 ,3021",Female,Golden,Tall,Galadriel,Elves,"Eregion,Lothlórien,Caras Galadhon",Celeborn
,,Male,,,Galathil,Elves,,Unnamed Wife
TA 2004,TA 2129,Male,,,Galador,Half-elven,,Unnamed wife
,,,,,Fíriel Fairbairn,,,
TA 1896,,Female,,,Fíriel,Men,Arthedain,Arvedui
TA 2859,November 23TA 2941,Male,Yellow,,Fíli and Kíli,Dwarves,,None
YT 1169,YT 1497,Male,Raven,Tall,Fëanor,Elves,"Tirion,Formenos",Nerdanel
TA 2662,TA 2799,Male,,,Fundin,Dwarves,,Unnamed wife
,,,,,Fuithluin,,,
Second Age,,Male,,,Fuinur,Men,,
TA 2552,TA 2589,Male,,,Frór,Dwarves,,
TA 2594,TA 2680,Male,,,Fréawine,Men,Rohan,
TA 2726,TA 2798,Male,,,Fréaláf Hildeson,Men,Rohan,Unnamed wife
TA 2570,TA 2659,Male,,,Fréa,Men,Rohan,Unnamed wife
"Late ,Third Age",November 102994,Male,,,Frár,Dwarf,,
TA 1940,TA 2001,Male,,,Frumgar,Men,,Unnamed wife
TA 2751,TA 2799,Male,,,Frerin,Dwarves,,
TA 2698,TA 2754,Male,Dark,,Freca,Men,,Unnamed wife
TA 1967,"Unknown, sometime after ,TA 2000",Male,,,Fram,Men,,"Unknown, probably as he had descendants"
"Late ,First Age",Late First Age ,Male,Fair,,Forweg,Men,,"Unknown, probably none"
TA 2745,TA 2848,Male,,,Fortinbras Took I,Hobbits,,Unnamed wife
"Mid ,Third Age",TA 1944,Male,,,Forthwini,Men,,"Unknown, but possible since he had descendants"
"Late ,Third Age",TA 3019,Male,,,Forlong,Men,,unknown
TA 2830,TA 2903,Male,,,Folcwine,Men,Rohan,Unnamed wife
TA 2858,TA 2885,Male,,,Folcred,Men,,
TA 2804,TA 2864,Male,,,Folca,Men,,Unnamed wife
"Late ,Third Age",TA 2994,Male,,,Flói,Dwarves,,
,,,,,Fladrif,,,
,,,,,Moro Burrows,,,
TA 2996,,Male,,,Minto Burrows,Hobbits,,
SR 1347,,Male,,,Milo Burrows,Hobbits,,Peony Baggins
TA 1930,TA 2031,Male,,,Bucca of the Marish,Hobbits,,
,,,,,Broncho Stonecrow,,,
TA 2857,,Female,,,Sapphira (Brockhouse) Boffin,Hobbits,,Uffo Boffin
"Mid ,First Age",Late First Age ,Male,,,Bregor,Men,,Unnamed wife
TA 2913,TA 3012,Female,,,Asphodel (Brandybuck) Burrows,Hobbit,,Rufus Burrows
,,,,,Brodda,,,
"Late ,First Age",FA 455,Male,,,Bregolas,Men,,Unnamed wife
TA 2512,TA 2570,Male,,,Brego,Men,Rohan,Unnamed wife
TA 2519,,Male,Leafy-hair,,Bregalad,Ents,,
,,,,,Salvia (Brandybuck) Bolger,,,
,,,,,Rorimac Brandybuck,,,
TA 2920,TA 2980,Female,,,Primula (Brandybuck) Baggins,Hobbits,,Drogo Baggins
TA 2860,TA 2960,Female,,,Mirabella (Took) Brandybuck,Hobbits,,Gorbadoc Brandybuck
TA 2948,,Male,,,Seredic Brandybuck,Hobbits,,Hilda Bracegirdle
,,,,,Merimac Brandybuck,,,
,,,,,Orgulas Brandybuck,,,
TA 2982,FO 65,Male,Golden yellow (film),"1.38m (4'6"")",Meriadoc Brandybuck,Hobbit,,Estella (Bolger) Brandybuck
TA 2983,"Early-,Fourth Age",Female,Dark Brown,,Mentha Brandybuck,Hobbits,,
SR 1385,,Female,,,Melilot Brandybuck,Hobbits,,
SR 1175,SR 1277,Male,,,Madoc Brandybuck,Hobbit,Buckland,Hanna Goldworthy
,,,,,Ilberic Brandybuck,,,
,,,,,Gorbadoc Brandybuck,,,
,,,,,Marmadoc Brandybuck,,,
TA 2985,"Before ,FO 63",Female,Dark Blonde,,Estella (Bolger) Brandybuck,Hobbits,,Meriadoc Brandybuck
TA 2954,,Female,,,Hilda Brandybuck,Hobbits,,Seredic Brandybuck
TA 2936,,Female,,,Esmeralda Brandybuck,Hobbits,,Saradoc Brandybuck
,,,,,Doderic Brandybuck,,,
TA 2994,,Female,,,Celandine Brandybuck,Hobbits,,None
,,,,,Berilac Brandybuck,,,
TA 2904,TA 2998,Female,,,Amaranth Brandybuck,Hobbits,,None
TA 2818,,Female,,,Adaldrida (Bolger) Brandybuck,Hobbits,,Marmadoc Brandybuck
First Age,FA 499,,,,Brandir,Men,,
TA 2957,"March 17 ,3019",Male,,,Brand,Men,"Dale,Laketown",Unnamed wife
TA 2865,,Female,,,Primrose Bracegirdle,Hobbits,,Blanco Bracegirdle
TA 2913,TA 3010,Male,,,Bruno Bracegirdle,Hobbits,,Unnamed wife
TA 2865,,Male,,,Blanco Bracegirdle,Hobbits,,Primrose Boffin
"Late ,First Age",FA 473,Male,,,Borthand,Men,,
"Late ,Third Age","April 15 ,2510",Male,,,Borondir,Men,,
First Age,First Age ,Male,,,Boron,Men,,Unnamed wife
TA 2410,TA 2489,Male,,,Boromir (Steward),Men,,Unnamed wife
FA 338,FA 432,Male,,,Boromir (House of Bëor),Men,,Unnamed wife
,,,,,Reginard Took,,,
,,,,,Pimpernel Took,,,
,,,,,Pervinca Took,,,
TA 2990,FO 65,Male,Almost golden,"1.34m (4'5"")",Peregrin Took,Hobbits,,Diamond of Long Cleeve
TA 2975,"before ,FO 63",Female,,,Pearl Took,Hobbits,,None
TA 2933,FO 13,Male,,,Paladin Took II,Hobbits,,Eglantine Banks
,,,,,Lalia (Clayhanger) Took,,,
TA 2847,"TA 2946, (SR 1346",Male,,,Isembard Took,Hobbits,,
SR 1240,SR 1341,Male,,,Hildigrim Took,Hobbits,,Rosa Baggins
TA 2844,,Male,,,Hildifons Took,Hobbits,,
TA 2849,TA 2934,Male,,,Hildibrand Took,Hobbits,,
TA 2790,TA 2920,Male,,,Gerontius Took,Hobbits,,Adamanta Chubb
,,,,,Flambard Took,,,
,,,,,Ferdinand Took,,,
TA 2916,TA 3015,Male,,,Ferumbras III Took,Hobbits,,None
TA 2928,FO 2,Male,,,Adelard Took,Hobbits,,Unnamed wife
TA 2817,TA 2923,Female,,,Adamanta (Chubb) Took,Hobbits,,"Gerontius ""The Old"" Took"
,,,,,Ferdibrand Took,,,
TA 2880,TA 2982,Male,,,Adalgrim Took,Hobbits,,Unnamed wife
,,,,,Everard Took,,,
TA 2701,TA 2800,Male,,"1.35m (4'5"")",Bandobras Took,Hobbit,,Unnamed wife 
TA 2666,TA 2759,Male,,,Isumbras Took III,Hobbits,,Unnamed wife
TA 2620,TA 2722,Male,,,Isengrim Took II,Hobbits,,Unnamed wife
TA 2878,TA 2980,Male,,,Fortinbras Took II,Hobbits,,Lalia Clayhanger
,,,,,Tolman Gardner,,,
TA 2295,TA 2398,Male,,,Isumbras Took I,Hobbits,,
FO 10,FO 112,Male,,,Faramir Took I,Hobbits,,Goldilocks Gardner
"Third Age, or before",,Male,None,About 13',"Tom, Bert, and William",Stone-trolls,,None
"After ,SA 61","Early ,Second Age",Female,,,Tindómiel,Men,,
,,,,,Tim,,,
Before the creation of Arda,Immortal,Male, ,,Tilion,Ainur,,None
,,,,,Théodwyn,,,
TA 2978,"February 25 ,3019",Male,,,Théodred,Men,,
"TA 2948 ,Gondor","March 15 ,3019",Male,White with braids (book) Blonde (films),Tall,Théoden,Men,,Elfhild
,FA 465,Female,,,Thuringwethil,Vampire,,
TA 2542,TA 2790,Male,Grey-white,,Thrór,Dwarves,"Grey Mountains,Lonely Mountain",Unnamed wife
TA 2644,TA 2850,Male,,,Thráin II,Dwarves,Lonely Mountain,Unnamed wife
First Age,"Presumably departed to ,Aman",Male,Golden,Tall,Thranduil,Elves,"Woodland Realm,Mirkwood",Unnamed wife
"Before the Creation of ,Arda",Immortal,Male,,30,Thorondor,Great Eagles,,
TA 1934,TA 2190,Male,,,Thráin I,Dwarves,Khazad-dûm,Unnamed wife
TA 2782,TA 2882,Male,,,Thorondir,Men,,Unnamed wife
TA 2866,"FO 137,(aged 280)",Male,,,Thorin III Stonehelm,Dwarves,"Lonely Mountain,Iron Hills",
TA 2746,"November 23, TA 2941",Male,,,Thorin II Oakenshield,Dwarves,Ered Luin,
TA 2035,TA 2289,Male,,,Thorin I,Dwarves,"Lonely Mountain,Grey Mountains",Unnamed wife
YT 1050,FA 502,Male,Silver,"Tallest of the Elven-folk, 8'2""",Thingol,Elves,Doriath,Melian
TA 2905,TA 2980,Male,,,Thengel,Men,Rohan,Morwen Steelsheen
Second Age,"Sometime after the ,War of the Last Alliance",Male,,Tall,The King of the Dead,"Men,Undead","White Mountains,Paths of the Dead",
TA 1516,TA 1636,Male,,,Telemnar,Men,Gondor,Unnamed wife
First Age,First Age,Male,,,Telchar,Dwarves,,
"Unknown, awakened in the ,Years of the Trees",,Female,,,Tatië,Elves,,Tata
TA 1632,TA 1850,Male,,,Telumehtar,Men,Gondor,Unnamed wife
"Unknown, awakened in the ,Years of the Trees",,Male,,,Tata,Elves,,Tatië
TA 372,TA 602,Male,,,Tarondor of Arnor,Men,Arnor,Unnamed wife
"Late ,Third Age",,Male,,,Targon,Men,,
,,,,,Mimosa (Bunce) Baggins,,,
TA 2860,TA 2950,Male,,,Longo Baggins,Hobbits,,Camellia (Sackville) Baggins
TA 2814,TA 2916,Female,,,Laura (Grubb) Baggins,Hobbits,,Mungo Baggins
TA 1577,TA 1798,Male,,,Tarondor,Men,Gondor,Unnamed wife
"After ,TA 654","Before ,TA 913",Male,,,Tarciryan,Men,,Unnamed wife
TA 2807,TA 2900,Male,,,Mungo Baggins,Hobbits,,Laura Grubb
,,,,,Largo Baggins,,,
"22 September ,TA 2968","Unknown (Last sighting ,September 29 ,3021,) (,SR 1421,)",Male,Brown,"1.06m (3'6"")",Frodo Baggins,Hobbit,,
TA 2864,TA 2960,male,,,Fosco Baggins,Hobbits,,Ruby Bolger
TA 2911,TA 3009,Male,,,Dudo Baggins,Hobbits,,Unnamed wife
TA 2908,TA 2980,Male,,,Drogo Baggins,Hobbits,,Primula Brandybuck
,,,,,Dora Baggins,,,
,,,,,Bingo Baggins,,,
,,,,,Chica (Chubb) Baggins,,,
TA 2846,TA 2926,Male,,,Bungo Baggins,Hobbit,,
TA 2772,TA 2871,Female,,,Berylla (Boffin) Baggins,Hobbits,,Balbo Baggins
TA 2852,TA 2934,Female,Black,,Belladonna (Took) Baggins,Hobbits,,Bungo Baggins
TA 2767,TA 2858,Male,,,Balbo Baggins,Hobbits,,Berylla (Boffin) Baggins
TA 2981,"Early-,Fourth Age",Female,Blonde,,Angelica Baggins,Hobbit,,
,TA 2799,Male,none,8'5,Azog,Orcs,"Moria,Mount Gundabad",
FA 214,FA 473,Male,,,Azaghâl,Dwarves,,
SA 395,,Male,,,Axantur,Men,,Unnamed wife
"Before the creation of ,Arda",Immortal,Male,,,Aulë,Ainur,,Yavanna
SA 213,"Early ,Second Age",Male,,,Aulendil (Vardamir's son),Men,,Unnamed wife
TA 977,TA 1226,Male,,,Atanatar II,Men,Gondor,Unnamed wife
TA 480,TA 748,Male,,,Atanatar I,Men,Gondor,Unnamed wife
"After ,SA 61","Early ,Second Age",Male,,,Atanalcar,Men,,Possible unnamed wife
,,,,,Asgon,,,
TA 241,FO 121,Female,Black,,Arwen,"Half-elven,Men",Reunited Kingdom,Aragorn II Elessar
TA 1633,TA 1813,Male,,,Arveleg II,Men,"Arthedain,Arnor",Unnamed wife
TA 1309,TA 1409,Male,,,Arveleg I,Men,"Arnor,Arthedain",Unnamed wife
TA 1553,TA 1743,Male,,,Arvegil,Men,"Arthedain,Arnor",Unnamed wife
TA 1864,TA 1975,Male,,,Arvedui,Men,Arthedain,Fíriel
"Late ,First Age",FA 460,Male,,,Arthad,Men,,
,,,,,Artamir,,,
,,Male,,,Arminas,Elves,,
"Before the creation of ,Arda",Immortal,Female,,,Arien,Ainur,,None
TA 2757,TA 2912,Male,,,Argonui,Men,,Unnamed wife
Years of the Trees,"YT 1500, or ,FA 1 ,Battle of the Lammoth",Male,Possibly dark,Tall,Argon,Elves,,None
TA 1473,TA 1670,Male,,,Argeleb II,Men,Arthedain,Unnamed wife
TA 1226,TA 1356,Male,,,Argeleb I,Men,"Arthedain,Arnor",Unnamed wife
YT 1362,FA 400,Female,Dark,Tall,Aredhel,Elves,,Eöl
SA 562,,Male,,,Ardamir (son of Axantur),Men,,
"After ,TA 1684",,Male,,,Arciryas,Men,,Unnamed wife
TA 2497,TA 2654,Male,,,Aravorn,Men,,Unnamed wife
TA 2156,TA 2319,Male,,,Aravir,Men,,Unnamed wife
TA 1711,TA 1891,Male,,,Araval,Men,"Arthedain,Arnor",Unnamed wife
TA 2873,TA 2933,Male,Dark (film),,Arathorn II,Men,,Gilraen
TA 2693,TA 2848,Male,,,Arathorn I,Men,,Unnamed wife
SA 3339,,Male,,,Aratan,Men,TA 2,"Unknown, possibly known"
TA 2628,TA 2784,Male,,,Arassuil,Men,,Unnamed wife
TA 1391,TA 1589,Male,,,Araphor,Men,Arthedain,Unnamed wife
TA 185,TA 435,Male,,,Arantar,Men,Arnor,Unnamed wife
TA 1789,TA 1964,Male,,,Araphant,Men,Arthedain,Unnamed wife
,,Male,,,Aranwë,Elves,,Unnamed wife
TA 2084,TA 2247,Male,,,Aranuir,Men,,Unnamed wife
TA 1938,TA 2106,Male,,,Aranarth,Men,,Unnamed wife
TA 2012,TA 2177,Male,,,Arahael,Men,,Unnamed wife
TA 2563,TA 2719,Male,,,Arahad II,Men,,Unnamed wife
TA 2365,TA 2523,Male,,,Arahad I,Men,,Unnamed wife
TA 2431,TA 2588,Male,,,Aragost,Men,,Unnamed wife
"March 1 ,2931",FO 120,Male,Dark,"198cm (6'6"")",Aragorn II Elessar,Men,"Reunited Kingdom,Arnor,Gondor",Arwen
TA 2227,TA 2327,Male,,,Aragorn I,Men,,Unnamed wife
TA 2296,TA 2455,Male,,,Araglas,Men,,Unnamed wife
TA 2820,TA 2930,Male,"Dark, then grey (film)",,Arador,Men,,Unnamed wife
SA 2798,SA 3033,Male,,,Ar-Zimrathôn,Men,Númenor,Unnamed wife
"Mid-,Third Age",,Male,,,Angamaitë,Men,,
FA 440,FA 489,Male,,,Andróg,Men,,Unnamed wife
FA 361,FA 455,Female,Dark brown,,Andreth,Men,,"Loved ,Aegnor, but they never married"
Possibly before the Creation of Arda,FA 587,Male,,As tall as a mountain,Ancalagon,Dragons,,
"Late ,Third Age",,Male,Dark,,Anborn,Men,,
TA 136,TA 411,Male,,,Anardil,Men,Gondor,Unnamed wife
YT,,Female,,,Anairë,Elves,,Fingolfin
TA 2994,,Male,,,Amrothos,Men,,
,,,,,Andvír,,,
,TA 1981,Male,Golden,,Amroth,Elves,Lórien,Nimrodel
Years of the Trees,"YT 1497 ,Losgar",Male,Dark red,,Amrod,Elves,,None
Years of the Trees,FA 538,Male,Dark red,,Amras,Elf,Estolad,None
TA 726,TA 946,Male,,,Amlaith,Men,Arthedain,Unnamed wife
,,,,,Amlach,,,
"Sometime during ,Years of the Trees, or the ,First Age",SA 3434,Male,,,Amdír,Elves,Lórien,Unnamed wife
YT,Still alive,Female,,,Amarië,Elves,,"Loved ,Finrod, but it is unknown whether they married"
"Late ,Second Age",Sailed West either SA 3310 fate unknown,Male,,,Amandil,Men,,Unnamed wife
TA 3017,FO 95,Male,,,Alphros,Men,,
"Between ,SA 700, and ,SA 750","Early ,Second Age",Female,,,Almiel,Men,,
"Between ,SA 700, and ,SA 750","Early ,Second Age",Female,,,Ailinel,Men,,Orchaldor
,,Female,,,Almarian,Men,Númenor,Tar-Meneldur
"Late ,First Age",FA 489,Male,,,Algund,Men,,None known
TA 2544,TA 2645,Male,,,Aldor,Men,Rohan,Unnamed wife
TA 1330,TA 1540,Male,,,Aldamir,Men,Gondor,Unnamed wife
Before the creation of Arda,,Male,,,Alatar,"Ainur,Maiar",,None
TA 2827,TA 2932,Male,,,Aglahad,Men,,Unnamed wife
,,,,,Aghan,,,
,,,,,Agathor,,,
"Mid ,First Age",FA 495,Female,,,Aerin,Men,,Brodda
,,,,,Aerandir,,,
"YT during the ,Noontide of Valinor",FA 455,Male,Golden,,Aegnor,Elves,,"Loved ,Andreth but remained unmarried"
TA 2917,TA 3010,Male,,,Adrahil II,Men,,Unnamed wife
"Before ,TA 1944","Late ,Third Age",Male,,,Adrahil I,Men,,